case_id,fault,fidelity,n_points,gt_in_top5_service
checkoutservice_cpu_1,cpu,0.9719,15,True
checkoutservice_cpu_2,cpu,0.5245,15,True
checkoutservice_cpu_3,cpu,0.9703,15,True
checkoutservice_delay_1,delay,0.9991,15,True
checkoutservice_delay_2,delay,0.9988,15,True
checkoutservice_delay_3,delay,0.9987,15,True
checkoutservice_disk_1,disk,1.0,15,True
checkoutservice_disk_2,disk,1.0,15,True
checkoutservice_disk_3,disk,1.0,15,True
checkoutservice_loss_1,loss,0.9486,15,True
checkoutservice_loss_2,loss,0.9989,15,True
checkoutservice_loss_3,loss,0.9997,15,True
checkoutservice_mem_1,mem,0.9916,15,True
checkoutservice_mem_2,mem,0.9941,15,True
checkoutservice_mem_3,mem,0.9888,15,True
checkoutservice_socket_1,socket,0.9997,15,True
checkoutservice_socket_2,socket,0.9665,15,True
checkoutservice_socket_3,socket,0.961,15,True
currencyservice_cpu_1,cpu,0.9999,15,True
currencyservice_cpu_2,cpu,0.9879,15,True
currencyservice_cpu_3,cpu,0.8486,15,True
currencyservice_delay_1,delay,0.9743,15,True
currencyservice_delay_2,delay,0.9863,15,True
currencyservice_delay_3,delay,0.9847,15,True
currencyservice_disk_1,disk,1.0,15,True
currencyservice_disk_2,disk,1.0,15,True
currencyservice_disk_3,disk,1.0,15,True
currencyservice_loss_1,loss,0.9979,15,True
currencyservice_loss_2,loss,0.9874,15,True
currencyservice_loss_3,loss,0.9853,15,True
currencyservice_mem_1,mem,0.9428,15,True
currencyservice_mem_2,mem,1.0,15,True
currencyservice_mem_3,mem,0.9593,15,True
currencyservice_socket_1,socket,0.5695,15,True
currencyservice_socket_2,socket,0.9997,15,True
currencyservice_socket_3,socket,0.9832,15,True
emailservice_cpu_1,cpu,0.9977,15,True
emailservice_cpu_2,cpu,0.9951,15,True
emailservice_cpu_3,cpu,0.9979,15,True
emailservice_delay_1,delay,0.9989,15,True
emailservice_delay_2,delay,0.9982,15,True
emailservice_delay_3,delay,0.9984,15,True
emailservice_disk_1,disk,1.0,15,True
emailservice_disk_2,disk,1.0,15,True
emailservice_disk_3,disk,1.0,15,True
emailservice_loss_1,loss,0.9996,15,True
emailservice_loss_2,loss,0.9984,15,True
emailservice_loss_3,loss,0.9977,15,True
emailservice_mem_1,mem,0.999,15,True
emailservice_mem_2,mem,0.9998,15,True
emailservice_mem_3,mem,0.9999,15,True
emailservice_socket_1,socket,0.9943,15,True
emailservice_socket_2,socket,0.9946,15,True
emailservice_socket_3,socket,0.9975,15,True
productcatalogservice_cpu_1,cpu,0.9938,15,True
productcatalogservice_cpu_2,cpu,0.9962,15,True
productcatalogservice_cpu_3,cpu,0.9955,15,True
productcatalogservice_delay_1,delay,0.9982,15,True
productcatalogservice_delay_2,delay,0.999,15,True
productcatalogservice_delay_3,delay,0.999,15,True
productcatalogservice_disk_1,disk,1.0,15,True
productcatalogservice_disk_2,disk,1.0,15,True
productcatalogservice_disk_3,disk,1.0,15,True
productcatalogservice_loss_1,loss,0.9996,15,True
productcatalogservice_loss_2,loss,0.9998,15,True
productcatalogservice_loss_3,loss,0.9985,15,True
productcatalogservice_mem_1,mem,0.9987,15,True
productcatalogservice_mem_2,mem,0.9969,15,True
productcatalogservice_mem_3,mem,0.9957,15,True
productcatalogservice_socket_1,socket,0.9885,15,True
productcatalogservice_socket_2,socket,0.998,15,True
productcatalogservice_socket_3,socket,0.9931,15,True
recommendationservice_cpu_1,cpu,0.9937,15,True
recommendationservice_cpu_2,cpu,1.0,15,True
recommendationservice_cpu_3,cpu,0.9942,15,True
recommendationservice_delay_1,delay,0.9987,15,True
recommendationservice_delay_2,delay,0.9998,15,True
recommendationservice_delay_3,delay,0.9989,15,True
recommendationservice_disk_1,disk,1.0,15,True
recommendationservice_disk_2,disk,1.0,15,True
recommendationservice_disk_3,disk,1.0,15,True
recommendationservice_loss_1,loss,0.9857,15,True
recommendationservice_loss_2,loss,0.9998,15,True
recommendationservice_loss_3,loss,1.0,15,True
recommendationservice_mem_1,mem,0.9998,15,True
recommendationservice_mem_2,mem,0.9975,15,True
recommendationservice_mem_3,mem,0.9999,15,True
recommendationservice_socket_1,socket,0.9996,15,True
recommendationservice_socket_2,socket,0.9998,15,True
recommendationservice_socket_3,socket,0.9986,15,True
